<?xml version="1.0" encoding="utf-8"?>
<squad nick="[XIII T.F.A]">
<name>XIII Tactical Force Avdentes </name>
<email>contatto@varesquad.it</email>
<web/>
<picture>https://tuonomeutente.github.io/arma3-squad/STEMMA.paa</picture>
<title>Arma 3 Tactical Unit</title>
<member id="Vare01">
<name>Capitano Vare</name>
<email>capitano@varesquad.it</email>
<remark>Leader</remark>
</member>
<member id="76561198069298276">
<name>[XIIITFA]jj</name>
<remark>Operator Assault</remark>
</member>
<member id="Bianchi03">
<name>Tenente Bianchi</name>
<remark>Vice Leader</remark>
</member>
<member id="Neri04">
<name>Medico Neri</name>
<remark>Medico</remark>
</member>
<member id="Verdi05">
<name>Cecchino Verdi</name>
<remark>Sniper</remark>
</member>
<member id="Gialli06">
<name>Specialista Gialli</name>
<remark>Demolizioni</remark>
</member>
<member id="Blu07">
<name>Operatore Blu</name>
<remark>Radio</remark>
</member>
<member id="Grigi08">
<name>Supporto Grigi</name>
<remark>Supporto</remark>
</member>
<member id="Arancio09">
<name>Autista Arancio</name>
<remark>Trasporti</remark>
</member>
<member id="Viola10">
<name>Drone Viola</name>
<remark>Dronista</remark>
</member>
</squad>
